UA_Country,UA_Name,UA_Continent,Housing,Cost of Living,Startups,Venture Capital,Travel Connectivity,Commute,Business Freedom,Safety,Healthcare,Education,Environmental Quality,Economy,Taxation,Internet Access,Leisure & Culture,Tolerance,Outdoors
 Hong Kong,Hong Kong,Asia,1.0,4.967,8.343,8.314,3.679,5.54025,9.294333333333334,9.3505,4.154000000000001,9.711,4.53325,6.4825,8.380499999999998,6.2275,7.0585,7.152000000000001,5.796
 California,Los Angeles,North America,1.5275,4.556000000000001,10.0,10.0,3.9585,3.677000000000001,8.574666666666667,5.705,6.027333333333332,8.6245,4.7315000000000005,6.5145,4.7675,5.496500000000001,9.196,6.959999999999999,6.747
 Massachusetts,Boston,North America,1.0,4.259,9.565,10.0,3.215,4.39625,8.671,7.742000000000001,6.728999999999998,8.6245,8.1705,6.5145,4.062,5.700500000000001,8.564,8.4815,5.659999999999999
 United Kingdom,London,Europe,1.0,3.94,10.0,9.859,9.4025,5.3955,8.991999999999999,7.243500000000001,8.017999999999999,9.027,5.547750000000001,5.438,5.9545,5.8455,9.4555,6.573,5.374499999999999
 Singapore,Singapore,Asia,1.745,3.4890000000000003,9.103000000000002,8.697,2.982,5.42725,9.724666666666666,9.9715,7.682666666666665,8.2465,7.95425,7.478500000000001,9.959,8.447,7.422499999999999,6.494999999999999,5.834
 California,San Francisco Bay Area,North America,1.0,2.618,10.0,10.0,3.654500000000001,4.687250000000001,8.671,5.7155000000000005,6.448999999999999,8.6245,6.4815000000000005,6.5145,4.488,5.605500000000001,9.407,8.012500000000001,7.014
 New York,New York,North America,1.0,2.342,10.0,10.0,6.675,5.51925,8.671,7.022,6.105333333333332,8.0935,5.233749999999999,6.5145,3.9205,7.0985,10.0,6.7125,5.7475
